{"cameraMode":{"drawMode":0,"name":"Shaded","section":"Shading Mode"},"sceneLighting":true,"audioPlay":false,"sceneViewState":{"showFog":true,"showMaterialUpdate":true,"showSkybox":true,"showFlares":true,"showImageEffects":true,"showParticleSystems":true},"in2DMode":false,"pivot":{"x":-11.59127140045166,"y":-2.0197887420654299,"z":-0.8787493705749512},"rotation":{"x":-0.11149235814809799,"y":0.6825477480888367,"z":-0.10651326924562454,"w":-0.714404821395874},"size":10.0,"orthographic":false}